Categoría,Nombre de Coop.,Email de Contacto,Teléfono,Website,Social Media,Dirección Física,Pueblo,Clasificación,Descripción,Año de Incorporación,Logo (enlace)
Tipos Diversos,Coop. Agrícola Aguadeña,cooperativagricolaguadena@gmail.com,787-868-2810,,,,Aguada,Agrícolas,Operación de un agrocentro.,,
Tipos Diversos,Coop. Agrocomercial de PR,info@cafecibales.com,787-783-1646,,,"Edificio 53 Calle 1 Urb. Industrial San Miguel, San Juan, PR 00920",San Juan,Agrícolas,"Cultivo de café, producción de Café Cibales, distribución de producto y mercadeo.",1947-04-09,
Tipos Diversos,Coop. Orgánica Madre Tierra,cooporganicamadretierra@gmail.com,787-200-8580,,,"469B Calle Fernando Calder Ortiz, San Juan, PR 00919",San Juan,Agrícolas,"Agrupa socios productores, elaboradores y consumidores.",,
Tipos Diversos,Coop. Porcicultores de PR (COOPORCI),cooporci@gmail.com,787-595-6599,,,"Hacienda Vistas del Plata 12 Calle Cordillera Cayey, PR 00736-9331",Cayey,Agrícolas,Agrupa sobre 70 pequeños productores de cerdos en la isla con el fin de producir y mercadear cerdo 100% puertorriqueño a través de la marca Cerdo Rico.,,
Tipos Diversos,Coop. Productores de Leche (COOPPLE),,787-753-0974,,,"198 Ave. Chardón, San Juan PR 00936",San Juan,Agrícolas,"Dueños de vaquerías que se asocian para comprar al por mayor y recibir los servicios necesarios con el fin de abaratar los costos de la producción de la leche. Adquirió la planta elaboradora de la Industria Lechera de Puerto Rico, Inc. (Indulac).",2005-12-14,
Tipos Diversos,Cooperativa de Trabajo Asociado Marín Alto Tropical (MAT COOP),javymatropical@gmail.com,787-354-6807,,,,Patillas,Agrícolas,Producción y distribución de plantas exóticas y tropicales. Exportan semanalmente su mercancía a Nueva York.,,
Tipos Diversos,Coop. de Servicios de la Policía de P.R.,coopservpolicia@yahoo.com,787-782-1359,,,Cuartel General de la Policia de PR en Hato Rey,San Juan,Cafeterías,Ofrece servicios en el Cuartel General de la Policía en San Juan.,1973-12-10,
Tipos Diversos,Coop. de Servicios Departamento del Trabajo y Recursos Humanos,coopdeserviciosdtrh@yahoo.com,787-754-5244,,,,San Juan,Cafeterías,Ofrece servicios de cafetería y estacionamiento en la sede central del Depto. Del Trabajo y Recursos Humanos en San Juan.,,
Tipos Diversos,Coop. Mixta IUPICOOP Café (IUPICOOP Café),iupicoopcafe@gmail.com,787-628-1706,,,,San Juan,Cafeterías,"Cooperativa de trabajo y consumo que opera un “Coffee Shop” en la Universidad de PR, Recinto de Río Piedras.",,
Tipos Diversos,Coop. Centro de Distribución FAMCOOP,info@famcoop.com,787-788-7733,,,,Toa Baja,Comerciales,"Dueños de supermercados, operan su centro de distribución Famcoop.",,
Tipos Diversos,Coop. de Comercios (COOPCO),cooperativadecomercios@gmail.com,787-925-2667,,,"272 Edificio Marina Suite 208, Aguada, PR 00602",Aguada,Comerciales,"Agrupa a dueños de panaderías, reposterías, colmados, gasolineras, elaboradoras y tiendas de convivencia, entre otros comercios relacionados.",2011-07-07,
Tipos Diversos,Coop. Dueños de Laboratorios Clínicos Privados de PR (CoopLab),cooplabpr@gmail.com; secretariacooplab@gmail.com,787-262-3982,,,,Hatillo,Comerciales,Dueños de laboratorios clínicos. Ejercen la función de intermediario entre el distribuidor y el socio.,,
Tipos Diversos,Coop. Dueños de Panaderías y Comercios (COOPAN),cwgonzalez@coopan.com; administracion@coopan.com,787-818-0800,,,,Añasco,Comerciales,"Agrupa dueños de panaderías y otros comercios relacionados a la compra y venta de bienes en el área de panadería, repostería, cafetería, colmados, restaurantes y comercios.",,
Tipos Diversos,Coop. Farmacias Puertorriqueñas (COOPHARMA),coopharma@coopharma.coop,787-252-2048,,,,Aguada,Comerciales,"Dueños de farmacias, integran a más de 500 farmacias comunitarias de toda la isla. Ofrecen los servicios de compra, venta colectiva y promoción.",,
Tipos Diversos,Coop. Mega Coop (MG Coop),,787-261-6897,,,"38J carr 190 Km 3 Bo. Sabana Abajo, Carolina, PR 00983-7429",Bayamón,Comerciales,Dueños de supermercados y comerciantes que se unen para abaratar costos. Operan el centro de distribución MG Coop.,2013-12-19,
Tipos Diversos,Coop. Unión de Mayoristas (UNIÓN COOP),union@mayoristas.com,787-275-1065,,,,Cataño,Comerciales,"Dueños de “Cash & Carry”, operan su centro de distribución Unión Coop.",,
Tipos Diversos,Coop. de Trabajos de Construcción (TCCOOP),tccoop.pr@gmail.com,787-970-0871,,,"Carr #2 Km. 56.1 Bo. Trinidad, Barceloneta PR 00617",Barceloneta,Construcción e Ingeniería,Ofrecer servicios a dueños de compañías de pequeños y medianos contratistas.,2014-05-21,
Tipos Diversos,Coop. Creación de la Montaña,creacionmontana@gmail.com,787-814-6891,,,"Carr 111 Km. 60.3 Utuado, PR 00641",Utuado,Costura,"Dedicada a la manufactura de uniformes, camisas y polos.",2002-07-03,
Tipos Diversos,Coop. Industrial de Comerío,coopindustrial15@gmail.com,787-875-0096,,,,Comerío,Costura,Dedicada a la confección de uniformes y otros productos textiles.,,
Tipos Diversos,Coop. Estacionamiento Centro Gubernamental Minillas (COOPEEM),coopeem1@prtc.net,787-724-8187,,,Calle Latimer pda. 22 Centro Gubernamental Minillas St. San Juan,San Juan,Estacionamiento,Instalaciones del Centro Gubernamental de Minillas en San Juan.,1977-08-22,
Tipos Diversos,Coop. Estacionamiento Intendente Alejandro Ramírez,cearam@prw.net,787-721-2020,,,"Paseo Covadonga, San Juan",San Juan,Estacionamiento,"Instalaciones principales del Departamento de Hacienda, en San Juan.",1969-11-06,
Tipos Diversos,Farmacia Cooperativa de Lares,farmaciacooplares@yahoo.com,787-897-2464,,,"23 Calle Ramón De Jesús Sierra Lares, PR 00669-2417",Lares,Farmacias,"Ofrece servicios en la venta de medicamentos, artículos relacionados a la salud, hogar, belleza y comestibles.",1979-07-29,
Tipos Diversos,Farmacia Cooperativa San Miguel,farmacoopsm.adm@gmail.com,787-869-4710,,,,Naranjito,Farmacias,"Ofrece servicios en la venta de medicamentos, artículos relacionados a la salud, hogar, belleza y comestibles.",,
Tipos Diversos,Coop. Gasolinera Choferil Carmelo Carrión Calderón (CGC CCC),cooperativachoferil@live.com,787-888-6065,,,"Carr. #3 km. 23.5 Bo. Las Flores, Río Grande, PR 00745",Río Grande,Gasolineras,Detallista gasolinera Total.,1960-11-30,
Tipos Diversos,Coop. Gasolinera Dorado,coopgasdorado@gmail.com,787-796-2584,,,,Dorado,Gasolineras,Detallista gasolinera Puma.,,
Tipos Diversos,Coop. Gasolinera Nuestra Sra. Candelaria,coopgas45@hotmail.com,787-825-2260,,,"Carr. 14 Km. 32.5 Coamo, PR 00769",Coamo,Gasolineras,Detallista gasolinera Shell.,1965-11-01,
Tipos Diversos,Coop. Gasolinera San Cristóbal,cooperativagsc@gmail.com,939-212-3151,,,"Carr 31 Km 2.5 Naguabo Zona Industrial, Naguabo PR 00718",Naguabo,Gasolineras,Detallista gasolinera Shell.,1964-06-17,
Tipos Diversos,Coop. Gasolinera y Servicios Buena Vista,coopgasbv@gmail.com,787-797-4448,,,"Carr 167 Km. 14.6 Bo. Buena Vista, Bayamón, PR 00956",Bayamón,Gasolineras,Detallista gasolinera Shell.,1962-03-27,
Tipos Diversos,Coop. de Cardiólogos de Puerto Rico (CARDIOCOOP),info@cardiocoop.com,787-200-9913,,,"N16 Calle 6 Urbanizable. Bellomonte, Guaynabo, PR 00969",San Juan,Salud,"Agrupa a cardiólogos y ofrece servicios, ubicada en Guaynabo.",2010-08-25,
Tipos Diversos,Coop. Facultad Médica (SANACOOP),,787-296-8678,,,"Edificio Médico Santa Cruz #37 Suite 304, Bayamón, PR 00961 Bayamón, PR 00961",Bayamón,Salud,Brinda servicios en el CDT Grupo Médico San Pablo.,2015-09-08,
Tipos Diversos,Coop. Grupos Médicos Primarios (IPACOOP),ipacoop2018@gmail.com,787-625-2120,,,"C-8 CALLE 3 URB. SANTA CRUZ, BAYAMON, PR, 00961",Bayamón,Salud,"Administra contratos de servicios de salud promoviendo modelos de prestación centradosen el paciente en los distintos escenarios de práctica (ambularoria, institucional, hogar y/ocomunidad).",,
Tipos Diversos,Coop. Médicos Veterinarios de PR (COOVET),coopvetpr@gmail.com,939-608-7986,,,"Carr. 153 Km 9.5 Sect. Useras, Santa Isabel, PR 00757",Coamo,Salud,Agrupa a médicos veterinarios.,2015-02-15,
Tipos Diversos,Coop. Terapeutas Asociados de PR (TAPR-Coop),taprcoop@gmail.com,787-320-4249,,,"Sector 4 Calles Carretera 753 Km. 0.1 Arroyo, PR 00714",Patillas,Salud,"Servicios en el área de terapia del habla, lenguaje, ocupacional, psicológicos y disfagia.",2016-03-01,
Tipos Diversos,Internal Subs Group Coop,intersubscoop.adm@gmail.com,787-671-0843,,,,Bayamón,Salud,Agrupa a médicos internistas y sub especialistas.,,
Tipos Diversos,Academia Coop. Integración Social (ACIS),akdmiacis@yahoo.es,787-746-7523,,,"Calle Juan Morales Final, V. Tolima, Caguas PR 00727",Caguas,Servicios Educativos,Academia Cooperativa que ofrece servicios educativos.,2008-08-05,
Tipos Diversos,Coop. Educativa para la Reinvención y la Acción (CoopERA),admin@coopera.coop,787-297-9888,,,,San Juan,Servicios Educativos,"Servicios educativos, organizacionales, evaluación e investigación.",,
Tipos Diversos,Coop. Servicios Integrados a la Niñez (COSIANI),info@cosianipr.org,787-274-1998,,,"Calle Arzuaga #11, San Juan PR 00925",San Juan,Servicios Educativos,Integra centros de cuido y otros servicios relacionados a la niñez temprana. Ofrecen adiestramientos al personal y apoyo a los centros de cuido y desarrollo infantil.,2006-12-19,
Tipos Diversos,Coop. de Trabajo Cabachuelas (CabaCoop),proyectocabachuelas@gmail.com,939-450-1295,,,,Morovis,Servicios Turísticos,Proyecto ecoturístico gestado para la Reserva Natural Las Cabachuelas en Morovis.,,
Tipos Diversos,Coop. Servicio Excursiones Turísticas (TOUR COOP),Info@tourcoop.net,787-762-7155,,,,Carolina,Servicios Turísticos,Servicios de transportación turística y guías turísticos.,,
Tipos Diversos,Coop. Camioneros de Transporte de Carga,camioneros@camioneroscooppr.com; srivera@camioneroscooppr.com; lrondon@camioneroscooppr.com,787-708-6340,,,,San Juan,Transportación,Servicios de transporte de carga general.,,
Tipos Diversos,Coop. Camioneros Unidos del Norte,mailto:akdmiacis@yahoo.es,787-881-2727,,,,Arecibo,Transportación,Servicios de transporte de carga general.,1978-09-22,
Tipos Diversos,Coop. Taxi Cabs del Sur,N/A,787-848-8248,,,,Ponce,Transportación,Transportación de pasajeros en la zona urbana de Ponce y áreas adyacentes.,,
Tipos Diversos,Coop. De Profesionales de la Industria Eléctrica de P.R. (ELECTRICOOP),administracion@electricoop.coop,787-300-4388,,,,San Juan,Otros Servicios,"Dedicada a servicios técnicos de electricidad, sin limitarse a la producción, generación,distribución y venta de energía.",,
Tipos Diversos,Coop. de Traductores de Puerto Rico (TRADUCOOP),info@traducoop.com,787-291-9182,,,"Urb. Vistas de Luquillo II, 346 Calle Diamante, Luquillo, PR 00773",San Juan,Otros Servicios,"Servicios lingüísticos tales como traducción, edición, revisión, redacción, maquetación,localización, subtitulado, transcripción e interpretación.",2019-04-08,
Tipos Diversos,Coop. Recreativa de Camperos (CORECAMAR),corecamar@gmail.com,787-876-1026,,,"Bo. Mediania baj Carr. 187, Km 10 H4.0 Loiza, PR 00772",Loíza,Otros Servicios,Ofrecen servicios para campistas y alquiler de áreas recreativas.,1979-09-19,
Tipos Diversos,Coop. Servicios de Equipaje (CSE),administracion@coopsead.com,787-769-6329,,,"Urb. Alturas de Castellana Gardens BB5, Calle 17A, Carolina PR 00983",San Juan,Otros Servicios,Servicios de acarreo y almacenamiento de equipaje. Mantenimiento y diseño de áreasverdes. Pintura de estructuras (interior y exterior).,1974-09-27,
Tipos Diversos,Coop. Servicios de Evaluación e Investigación (CoopSEI),administracion@coopsei.org; gerencia@coopsei.org,787-989-0101,,,"1605 Ave. Ponce de León, Cond. San Martín, Suite 710, San Juan PR 00909",San Juan,Otros Servicios,Servicios de evaluación e investigación. Desarrollar proyectos y programas basados en laevidencia.,2015-06-09,
Tipos Diversos,Coop. Servicios Profesionales (COSPRO),,787-969-1078,,,,San Juan,Otros Servicios,"Ofrecer servicios profesionales de asesoría, consultoría, capacitación, desarrollo, gerenciade proyectos y orientación a la comunidad sobre asuntos de interés público.",,
Tipos Diversos,Coop. Trabajo Asociado de Comunicaciones de PR (COMUNI COOP),N/A,939-308-1135,,,,Barranquitas,Otros Servicios,"Satisfacer necesidades de trabajo en el área de comunicaciones, seguridad y construcción.",,
Tipos Diversos,Marcoop Molding,,787-863-3952,,,"Carr 195, Km. 2.3 Playa Puerto Real, Fajardo, PR 00738",Fajardo,Otros Servicios,"Confección y ensamblaje de moldes para la industria farmacéutica y eléctrica. Además, elmercadeo de estos productos en Puerto Rico y el exterior.",,
Tipos Diversos,Coop de Trabajadores de Construcción del Sur (COOPSERCO),coopsercocoop@gmail.com,207-249-5975,,,"1250 Ponce de León Ave., San José Building, Suite 704, SAN JUAN, PR,",San Juan,,,,
Tipos Diversos,Cooperativa de Energia La Margarita-Abeyno Coop,abeynocoop2022@gmail.com,787-508-6974,,,Centro Comunal La Margarita,Salinas,,,2022-03-30,
Tipos Diversos,Cooperativa de Servicios Educativos Especializados (COOPSEE),coopseepr@gmail.com,939-355-9409,,,"Centro Comercial Plaza Pradera, Calle Principe #04 Bayamón, PR 00959",Bayamón,Diverso,,2019-11-22,
Tipos Diversos,Cooperativa de Artes Culturales de Puerto Rico (ArCuCoop),cooperativadeartesculturales@gmail.com,939-341-2954,,,"12 E Calle Riera Palmer, Mayaguez PR 00680",Mayaguez,,,2016-08-01,
Tipos Diversos,COOPLIBRI,cooplibripr@gmail.com,310-704-6048,,,,,,,,
Tipos Diversos,Cooperativa de Telecomunicaciones de Puerto Rico,presidente@ctpr.coop,787-431-2602,,,,,,,,
Tipos Diversos,Cooperativa Llanera de Construcción y Multiservicios (COLLACOOP),,787-364-5800,,,,Toa Baja,,,2023-07-28,
Tipos Diversos,Cooperativa ARA Security Integrators (Ara Coop),gmrodriguez@arapr.net,787-763-6310,,,,San Juan,,,,
Tipos Diversos,Cooperativa de Ebanistaría (Ebani Coop),mailto:administracion@coopsead.com,939-266-5304,,,"Santa Rita 4 # 2038 calle San Andrés, JUANA DIAZ, PR, 00795",Juana Díaz,,"se dedicará a la educación, creación, diseño y producción de todo tipo de muebles. Nos especializaremos en construcción de muebles internos como externos, abarcando todo detalle que envuelva conceptualización de trabajos especializados en ebanistería y carpintería. Por otro lado, ejerceremos una función emprendedora formalizando talleres educativos para desarrollar empresarios dedicados a la industria de ebanistería, por medio de talleres presenciales en nuestras facilidades con adecuación para tales efectos.",2024-04-03,
Tipos Diversos,Cooperativa Coreccional Empleados de Ponce (CP COOP),edwinvega197742@gmail.com,787-974-3184,,,,Ponce,Consumo,Cooperativa de empleados de la Correccional para crear una cafetería.,,
Tipos Diversos,Coop. Multiservices,multiservicescoop1@gmail.com,787-599-6491,,,"10-17 Ave. Aguas Buenas, Urb. Santa Rosa, Bayamón, PR 00958",San Juan,Construcción e Ingeniería,"Coordinar, efectuar, supervisar y certificar trabajos de consultoría, construcción, instalación, mantenimiento, alquiler y seguridad de edificaciones, carreteras, terrenos, sistemas y obras públicas.",2020-08-11,
Tipos Diversos,Coop. de Energía de San Salvador (Pirucho Coop),piruchocoop@gmail.com,939-334-7054,,,"Barrio San Salvador Sector Anón C. #765 Km 6.3, Caguas, PR 00725",Caguas,Energía,Ofrecer servicios de energía eléctrica en el Barrio San Salvador de Caguas.,2019-10-08,
Tipos Diversos,Coop. Cultura Bicicleta,culturabicicleta@gmail.com,939-475-7334,,,"1483 Ashford Ave., Apt.701, San Juan, PR 00907",San Juan,Transportación,"Proveer talleres educativos, alquiler de bicicletas, recorridos interpretativos, entregas y gestoría en bicicleta.",2019-05-21,
Tipos Diversos,Coop. de Deportes (COODEP),N/A,787-219-9895,,,,Patillas,Otros Servicios,Cooperativa dedicada a desarrollar y promover diferentes deportes.,,
Tipos Diversos,Coop. de Servicios de Asesoría y Asistencia Legal y Notarial (LEGAL COOP),info@legalcooppr.com,787-294-0750,,,,San Juan,Otros Servicios,"Ofrecer servicios en derecho cooperativo, corporativo, laboral, daños, comercial, vivienda, etc.",,
Tipos Diversos,Renewable Energy Management (REMCOOP),remcoop@remcoop.com,787-378-7852,,,,San Juan,Otros Servicios,"Brindar servicios gerenciales, asesoría administrativa y desarrollo de propuestas.",,
Tipos Diversos,Coop. Fábrica de Ideas (FabIdeas Coop),info@fabideascoop.com,787-903-8507,,,"PR-718 Km. 0.2, Aibonito PR 00705",,Otros Servicios,Fábrica comunitaria de materiales educativos Montessori.,2019-02-15,
Tipos Diversos,La Cooperativa de Acceso a Tierras (LA C.A.T.),info@lacat.org,,,,"Urb. El Pedregal Calle CC-1 Bayamón, PR 00956",Bayamón.,,,2025-01-15,
Tipos Diversos,Coop. Hidroeléctrica de la Montaña,apoyo@cooperativahidroelectrica.org,787-894-8788,,,,Utuado,Energía,"Brindar servicios de energía eléctrica a residentes de Adjuntas, Jayuya y Utuado.",,
Vivienda,Coop. Vivienda Alejandro Tapia y Rivera,covivatr@gmail.com,787-724-1556,http://www.atriumpr.net,,,San Juan,Vivienda,,,
Vivienda,Coop. Vivienda Ciudad Universitaria,ciudadcoop@gmail.com,787-761-0555,,,"2 Ave. Periferal, Suite Adm. Trujillo Alto, PR 00976-2130",Trujillo Alto,Vivienda,,,
Vivienda,Coop. Vivienda de Titulares Jardines de Valencia,coopjvalencia@gmail.com,787-751-0651,,,,San Juan,Vivienda,,,
Vivienda,Coop. Vivienda El Alcázar,cooperativaelalcazar@prtc.net,787-765-3370,,,,San Juan,Vivienda,,,
Vivienda,Coop. Vivienda Jardines de San Francisco,coopsf_2000@yahoo.es,787-763-3840,,,,San Juan,Vivienda,,,
Vivienda,Coop. Vivienda Jardines de San Ignacio,coopigna@coqui.net,787-751-1472,,,,San Juan,Vivienda,,,
Vivienda,Coop. Vivienda Jardines de Trujillo Alto,coop_jardines_ta@yahoo.com,787-748-1060,,,,Trujillo Alto,Vivienda,,,
Vivienda,Coop. Vivienda La Ceiba,coopceibaponce@gmail.com,787-842-4448,,,,Ponce,Vivienda,,,
Vivienda,Coop. Vivienda La Hacienda,coop_lahacienda@yahoo.com,787-786-5045,,,,Bayamón,Vivienda,,,
Vivienda,Coop. Vivienda Los Robles,cooplosrobles@prtc.net,787-763-5057,,,,San Juan,Vivienda,,,
Vivienda,Coop. Vivienda Rolling Hills,cooprollinghills@gmail.com,787-769-3124,,,,Carolina,Vivienda,,,
Vivienda,Coop. Vivienda Torres de Carolina,juntadedirectorestdc@yahoo.com,787-791-2135,,,,Carolina,Vivienda,,,
Vivienda,Coop. Vivienda Villas de Navarra,coopvvn@coqui.net; lrcoopvillasdenavarra@gmail.com,787-786-6669,,,,Bayamón,Vivienda,,,
Vivienda,Coop. Vivienda de Titulares La Hacienda,-,787-786-5045,,,,Bayamón,Vivienda,,,
Vivienda,"Coop, Vivienda La Torre de Sofía",gabriel2@molamor.com,317-919-0606,,,,,Vivienda,,2025,
Vivienda,Coop. Vivienda La Futura Rosario,,,,,,,,,,
Ahorro y Crédito,Manuel Zeno Gandía,coopzg@zenogandia.coop,787-815-2667,www.zenogandia.coop,Facebook: facebook.com/cooperativazenogandia,"Carr. 2 Km 70.2, Barrio Santana, Sector Domingo Ruíz, Arecibo, PR 00612",ARECIBO,,"Institución financiera sin fines de lucro fundada en 1955 en Arecibo. Cuenta con más de 27,000 socios y sobre $270 millones en activos; ofrece ahorro, préstamos, hipotecas, tarjetas y banca digital.",1955,
Ahorro y Crédito,Aguadilla (AGUACOOP),info@aguacoop.com,787-891-1755,www.aguacoop.com,Facebook: facebook.com/CooperativaDeAguadilla; Instagram: @aguadillacoop,"Ave. San Carlos, Esq. Comercio, Aguadilla, PR 00603",AGUADILLA,,"Fundada en la década de 1940. Ofrece préstamos, cuentas de ahorro, tarjetas, venta de sellos y marbetes; sobre $100 millones en activos y sucursales en Borinquén y el Poblado San Antonio.",1948,
Ahorro y Crédito,Aiboniteña (BONICOOP),info@bonicoop.com,787-735-4131,www.bonicoop.com,Facebook: facebook.com/BoniCoop,"Calle José C. Vázquez #100, Aibonito, PR 00705",AIBONITO,,"Institución leal a los principios y valores del cooperativismo, distinguida por su responsabilidad social con el pueblo de Aibonito. Ofrece cuentas, préstamos y banca móvil.",1950,
Ahorro y Crédito,Arecibo (COOPACA),mailto:info@bonicoop.com,787-878-2095,https://www.coopaca.com/index,Facebook: facebook.com/CooPACA,"308 Calle Capitán Abreu, Esq. J. Adorno, Arecibo, PR 00612",ARECIBO,,"Cooperativa financiera comprometida con promover los valores cooperativos. Ofrece cuentas, préstamos personales y comerciales (incluyendo programas SBA y USDA), banca en línea, app móvil y Share Branch.",1946,
Ahorro y Crédito,Asociación de Maestros de P.R. (EDUCOOP),info@educoop.com,787-754-7895,www.educoop.com.pr,Facebook: facebook.com/educooppr,"501 Ave. Juan Ponce de León, San Juan, PR 00917",SAN JUAN,,"Cooperativa de la Asociación de Maestros de Puerto Rico, fundada en 1948 para apoyar la economía del magisterio puertorriqueño con productos de ahorro y crédito.",1948,
Ahorro y Crédito,Barranquitas (CREDICENTRO-COOP),infocoop@credicentrocoop.com,787-857-3500,credicentrocoop.com/,Facebook: Credicentro-Coop,"Carr. PR-156 Km 17.1, Barranquitas, PR 00794",BARRANQUITAS,,"Fundada en 1967, sirve a la región central con sucursales en Barranquitas, Orocovis, Ponce, Bayamón y Toa Baja. Ofrece cuentas, préstamos y servicios financieros comunitarios.",1967,
Ahorro y Crédito,Barrio Quebrada (Quebrada Coop),qda@quebradacoop.com,787-898-7979,www.quebradacoop.com,Facebook: facebook.com/ahorroycreditoquebradacoop,"Carr. 129 Km 18.5, Bo. Quebrada, Camuy, PR 00627",CAMUY,,Por más de seis décadas sirve al Barrio Quebrada de Camuy y áreas adyacentes. Su misión es proveer servicios financieros con rapidez y eficiencia al menor costo posible.,1953,
Ahorro y Crédito,Cabo Rojo,cooperativa@caborojocoop.com,787-851-1337,www.caborojocoop.com,Facebook: facebook.com/caborojocoop; Instagram: @caborojocoop,"Carr. PR-100 Km 7.0, Bo. Miradero, Cabo Rojo, PR 00623",CABO ROJO,,"Establecida en 1956. Ofrece préstamos personales, comerciales, hipotecarios y de auto, tarjetas, cuentas y financiamiento solar, con sucursales en Cabo Rojo, Mayagüez, Hormigueros y Sabana Grande, y una extensa labor comunitaria.",1956,
Ahorro y Crédito,Caguas (CAGUAS COOP),servicio@caguascoop.com,787-746-9595,www.caguascoop.com,,"Ave. Muñoz Rivera, Esq. Lope Flores, Caguas, PR 00725",CAGUAS,,"Surgida en 1954 por iniciativa de feligreses de la Catedral Dulce Nombre de Jesús e incorporada en 1958 como Cooperativa de Ahorro San Alfonso. Ofrece cuentas personales y comerciales, préstamos y tarjetas.",1958,
Ahorro y Crédito,Camuy,info@camuycoop.com,787-898-4970,www.camuycoop.com,Facebook: facebook.com/camuycooperativa,"300 Ave. Baltazar Jiménez Méndez, Camuy, PR 00627",CAMUY,,"Institución cooperativista reconocida por su excelencia administrativa, al servicio de la comunidad camuyana con cuentas, préstamos y servicios financieros.",1954,
Ahorro y Crédito,Caribe Coop,,787-835-2480,www.caribecoop.com,,"123 Calle Luis Muñoz Rivera, Guayanilla, PR 00656",GUAYANILLA,,"Conocida como “la cooperativa del Sur”, vela por los intereses de cada socio y cliente ofreciendo soluciones financieras que aportan a mejorar la calidad de vida.",1953,
Ahorro y Crédito,Cristobal Rodríguez Hidalgo (CRH COOP),info@crh.coop,787-825-1350,www.crh.coop,Facebook: facebook.com/crhcoop,"Carr. 150 Km 20.5, Coamo, PR 00769",COAMO,,"Fundada en 1963 por veteranos coameños de la Segunda Guerra Mundial. Ofrece cuentas, préstamos, tarjetas y banca móvil a la comunidad de Coamo y pueblos limítrofes.",1963,
Ahorro y Crédito,Cupey Alto,info@cupeyalto.coop,787-760-2260,www.cupeyalto.coop,,"Carr. 176 Km 9.5, Cupey Alto, San Juan, PR 00926",SAN JUAN,,"Fundada en 1965 en la comunidad de Cupey. Ofrece cuentas de cheques y ahorro, certificados, préstamos personales, hipotecarios y de auto, tarjeta MasterCard y pago de utilidades.",1965,
Ahorro y Crédito,Valenciano (VALENCOOP),valencoop@valencoop.com,787-734-5291,www.valencoop.com,Facebook: facebook.com/valencoop; Instagram: @valencoopjuncos; X: @valencoop,"Carr. 31 Km 24.8, Bo. Ceiba Norte, Juncos, PR 00777",JUNCOS,,"Cooperativa del Valenciano en Juncos, comprometida con sus socios y la comunidad. Ofrece acciones y ahorros, certificados, cuentas corrientes y préstamos personales, hipotecarios y de auto.",1957,
Ahorro y Crédito,Familiar Progresista,info@familiarcoop.com,787-783-8760,www.lafamiliar.com,Facebook: facebook.com/FamiliarCoop,"479 Ave. De Diego, Urb. Puerto Nuevo, San Juan, PR 00920",SAN JUAN,,"Cooperativa de ahorro y crédito con lema “¡Creciendo en Familia!”. Ofrece cuentas, préstamos y servicios financieros a sus socios desde Puerto Nuevo.",1957,
Ahorro y Crédito,Florida (FLORIDACOOP),info@floridacoop.com,787-822-2630,www.floridacoop.com,Facebook: facebook.com/floridacooppr,"5 Calle Teodoro Morales, Florida, PR 00650",FLORIDA,,"Fundada el 3 de mayo de 1953, fue la primera institución financiera del pueblo de Florida. Institución sin fines de lucro asegurada por COSSEC; ofrece servicio de excelencia al menor costo posible y banca móvil.",1953,
Ahorro y Crédito,Coop Hatillo (HATICOOP),mercadeo@haticoop.com,787-898-3260,www.haticoop.com,Facebook: facebook.com/haticoop,"Edificio Gregorio Padilla, Ave. Pablo J. Aguilar #76, Hatillo, PR 00659",HATILLO,,"Fundada en 1958, ofrece préstamos con bajos intereses, certificados de ahorro, cuentas y banca móvil con un enfoque comunitario en Hatillo.",1958,
Ahorro y Crédito,Hermanos Unidos,info@cachupr.com,787-756-6161,www.cachupr.com,,"229 Calle Duarte, Urb. Floral Park, San Juan, PR 00917",SAN JUAN,,"Creada el 5 de agosto de 1974; hoy supera los $70 millones en activos. Ofrece préstamos personales, hipotecarios, de emergencia y educativos bajo una filosofía de servicio y bien común.",1974,
Ahorro y Crédito,Isabela,mercadeo@IsabelaCoop.com,787-872-2265,www.isabelacoop.com,Facebook: facebook.com/coopisabela; Instagram: @coopisabela,"Edificio Ramón “Junior” Montalvo Acevedo, Calle Barbosa #21, Suite 1, Isabela, PR 00662",ISABELA,,"Establecida en 1954, es una de las cooperativas de mayor solidez financiera de Puerto Rico. Ofrece cuentas, préstamos, tarjetas y banca móvil, con sucursales en Isabela y Aguadilla.",1953,
Ahorro y Crédito,Isla Coop,info@islacoop.com,787-769-0206,www.islacoop.com,,"150 Ave. Los Gobernadores, Suite 220, Carolina, PR 00979",SAN JUAN,,"Fundada en 1963 por empleados de Pueblo Supermarkets. Cooperativa CDFI que promueve la inclusión financiera; ofrece préstamos, cuentas de ahorro y cheques a sobre 1,200 socios.",1963,
Ahorro y Crédito,Jayuya (JAYUCOOP),info@jayucoop.net,787-828-4440,www.jayucoop.net,Facebook: facebook.com/jayucoop; Instagram: @jayucoop,"102 Calle Guillermo Esteves, Jayuya, PR 00664",JAYUYA,,"Desde 1948 sirve a Jayuya y áreas adyacentes con una visión integrada en la economía solidaria. Ofrece cuentas, préstamos hipotecarios y personales, y banca en línea.",1948,
Ahorro y Crédito,Jesús Obrero,info@jesusobrero.coop,787-720-6209,www.jesusobrero.coop,Facebook: facebook.com/jesusobrerocoop; Instagram: @jesusobrerocoop,"Carr. #1 Km 23.6, Bo. Río, Sector El 24, Guaynabo, PR 00969",CAGUAS,,"Institución financiera solidaria que ofrece servicios de crédito y ahorro bajo la filosofía cooperativista, con servicios completamente en línea (home banking, solicitudes y pagos digitales).",1960,
Ahorro y Crédito,La Cidreña,info@cidrenacoop.com,787-739-7700,www.cidrenacoop.com,,"49 Calle Antonio R. Barceló, Cidra, PR 00739",CIDRA,,"Fundada en 1957, ofrece cuentas, préstamos y talleres comunitarios y educativos a sus socios, con oficinas en Cidra, Caguas y Cayey.",1956,
Ahorro y Crédito,La Comerieña,info@lacomeriena.coop,787-875-2540,www.lacomeriena.com,Facebook: facebook.com/lacomeriena; Instagram: @coop_comeriena,"Carr. 779 Km 6.7, Bo. Palomas, Comerío, PR 00782",COMERÍO,,"“Una cooperativa con fuerza de pueblo”. Ofrece cuentas, préstamos, tarjeta de crédito y banca móvil, con oficina principal en el Bo. Piñas y oficina de servicio en el Bo. Palomas de Comerío.",1962,
Ahorro y Crédito,Lajas,administracion@larcoop.com,787-899-1120,www.lajascoop.com,Facebook: facebook.com/lajas.coop; Instagram: @lajascoop,"47 Calle 65 de Infantería Sur, Suite 1, Lajas, PR 00667",LAJAS,,"Establecida en 1955; celebra 70 años de servicio. Ofrece ahorros, préstamos personales, hipotecarios y de auto, MasterCard y banca móvil, con sucursales en Lajas y San Germán.",1955,
Ahorro y Crédito,Lares y Región Central (LARCOOP),administracion@larcoop.com,787-897-3555,www.larcoop.com,,"Carr. 111 Ave. Los Patriotas Km 3.5, Lares, PR 00669",LARES,,"Institución con cerca de siete décadas sirviendo a la región central, entre las primeras 20 cooperativas del país con sobre 16,400 socios. Sucursales en Lares, Utuado y Las Marías.",1948,
Ahorro y Crédito,Las Piedras,cclp@cooplaspiedras.com,787-733-2821,www.cooplaspiedras.com,,"Carr. 198 Km 22.2, Bo. Montones (Ave. José C. Barbosa), Las Piedras, PR 00771",LAS PIEDRAS,,"Fundada en 1954 bajo la Ley de Sociedades Cooperativas de Ahorro y Crédito. Ofrece ahorros, cheques, préstamos, hipotecas y agencia de seguros propia, con sucursales en Las Piedras, Caguas, Carolina, San Lorenzo y Humacao.",1954,
Ahorro y Crédito,Lomas Verdes,,787-787-6292,www.lomasverdes.coop,Facebook: facebook.com/lomasverdescoop,"Ave. Nogal 3B #20, Urb. Lomas Verdes, Bayamón, PR 00956",BAYAMÓN,,"Ofrece cuentas de ahorro y cheques, préstamos, tarjetas MasterCard y financiamiento hipotecario, con programas para jóvenes cooperativistas de 18 a 29 años.",1966,
Ahorro y Crédito,Los Hermanos,info@coophermanos.com,787-764-5454,www.coophermanos.com,Facebook: facebook.com/coophermanos,"1582 Calle Bori, Urb. Caribe, San Juan, PR 00928",SAN JUAN,,"Nació en 1975. Cooperativa sin fines de lucro con préstamos personales, de auto, de emergencia, hipotecarios y financiamiento de placas solares; pertenece a la red de sucursales compartidas Circuito Cooperativo.",1975,
Ahorro y Crédito,Manatí,,787-854-2214,www.coopmanati.com,Facebook: facebook.com/coopmanati; Instagram: @coopmanati; X: @Coop_Manati; YouTube: @coopmanati,"68 Paseo de la Atenas, Manatí, PR 00674",MANATÍ,,"Cooperativa de Ahorro y Crédito con sucursales en Manatí, Ciales, Vega Baja y Barceloneta; ofrece productos personales, comerciales e hipotecarios, y servicio de sucursales compartidas (CO-OP Shared Branch).",1948,
Ahorro y Crédito,Mayagüez,info@coopmayaguez.com,787-832-6555,www.coopmayaguez.com,,"52 Calle Dr. Basora Sur, Mayagüez, PR 00680",MAYAGüEZ,,"Incorporada el 24 de octubre de 1969 (originalmente Cooperativa de Hostos). Supera los 14,000 socios y depositantes; ofrece cuentas, MasterCard, préstamos personales, de auto e hipotecarios (incluyendo hipoteca revertida), con sucursal en Plaza Grande, Ave. Los Corazones.",1969,
Ahorro y Crédito,Maunabo (MAUNACOOP),info@maunacooppr.com,787-861-2240,www.maunacooppr.com,,"Carr. PR-760, Maunabo, PR 00707",MAUNABO,,"Fundada en 1963 por maestros, comerciantes y agricultores maunabeños; hoy es una de las cooperativas de mayor solidez y reconocimiento de la región sureste, con sucursales en Maunabo, Patillas, Arroyo, Guayama y Salinas.",1963,
Ahorro y Crédito,Metodistas Unidos,cmu@coopmetodista.com,787-764-3366,www.coopmetodista.com,Facebook: facebook.com/coopmetodista,"451 Calle De Diego, Urb. Sabana Llana, San Juan, PR 00923",SAN JUAN,,"Cooperativa abierta sirviendo a Puerto Rico desde 1977, enfocada en el ahorro familiar y en instituciones sin fines de lucro, con base en los valores cristianos y cooperativos.",1977,
Ahorro y Crédito,Moca,secejecutiva@coopmoca.com,787-877-2730,www.mocacoop.com,Facebook: facebook.com/Mocacoop; Instagram: @mocacoop,"Calle J. Calazán Lasalle, Esq. Expreso 111, Moca, PR 00676",MOCA,,"Cooperativa de Ahorro y Crédito de Moca (MOCACOOP); ofrece cuentas, préstamos, banca en línea y servicio de sucursales compartidas, con depósitos asegurados por COSSEC.",1952,
Ahorro y Crédito,Morovis (Moroveña Coop),info@coopmorovena.com,787-862-7440,www.coopmorovena.com,Facebook: facebook.com/CoopMorovena; Instagram: @morovenapr,"Ave. Buena Vista, Carr. 155 Km 48.1, Morovis, PR 00687",MOROVIS,,"Ofrece préstamos, hipotecas, cuentas y banca en línea, con énfasis en servir a sectores de ingresos bajos y en la inversión social comunitaria. Sucursales en Morovis, Vega Baja y San Juan.",1953,
Ahorro y Crédito,Naguabeña (NAGUCOOP),info@nagucoop.com,787-874-2185,www.nagucoop.com,Facebook: facebook.com/CooperativaNaguabenaPaginaOficial; X: @CoopNaguabena,"Urb. Juan Mendoza B1, Calle 3, Naguabo, PR 00718",NAGUABO,,"Organizada el 13 de agosto de 1948; cuenta con más de 15,000 socios y depositantes y activos de unos $140 millones. Cuatro sucursales (Oficina Central y Peña Pobre en Naguabo, Fajardo y Metro en Santurce), cajeros, TeleCoop, TextCoop y banca en línea.",1947,
Ahorro y Crédito,Nuestra Cooperativa (NUESTRACOOP),servicio@nuestracoop.com,787-725-8811,www.nuestracoop.coop,Facebook: facebook.com/Nuestracoop,"670 Ave. Ponce de León, Local 109, San Juan, PR 00907",SAN JUAN,,"“Una Cooperativa para todos” (antes CoopAEE). Ofrece cuentas de acciones, ahorro y cheques, préstamos y banca en línea, con dividendos exentos de contribuciones para sus socios-dueños.",1980,
Ahorro y Crédito,Nuestra Sra. de la Candelaria (CANDELCOOP),administracion@candelcoop.coop,787-854-1620,www.candelcoop.coop,Facebook: facebook.com/candelcoop,"Carr. 6685, Cruce Carr. Núm. 2, Bo. California, Manatí, PR 00674",MANATÍ,,"Incorporada el 27 de marzo de 1957 por iniciativa del Padre Alejandro Velayos, párroco de la Iglesia Nuestra Señora de la Candelaria. Ofrece cuentas, tarjetas, préstamos y banca por internet, con sucursales en Manatí y San Juan.",1957,
Ahorro y Crédito,Padre Mac Donald (MACCOOP),info@padremacdonald.com,787-840-8382,www.padremacdonald.com,Facebook: facebook.com/padremacdonald,"Urb. Mariani, 1569 Ave. Luis Muñoz Rivera, Ponce, PR 00717",PONCE,,"Fundada en 1956 en Ponce. Ofrece cuentas, tarjetas, préstamos y citas en línea, regida por la Ley de Sociedades Cooperativas de Ahorro y Crédito (Ley 255 de 2002).",1956,
Ahorro y Crédito,Padre Salvador Ruffolo (PARROCOOP),parrocoop@parrocoop.coop,787-847-2660,www.parrocoop.com,Facebook: facebook.com/parrocoop; Instagram: @parro.coop,"Carr. 149 Km 59.4, Bo. Jagueyes, Villalba, PR 00766",VILLALBA,,"Establecida en 1957; cooperativa CDFI que acompaña a jóvenes, familias y adultos mayores de Villalba con cuentas, tarjetas y programas en cada etapa de la vida.",1955,
Ahorro y Crédito,Pepiniana,info@cooppepiniana.com,787-896-1544,cooperativapepiniana.com/,Facebook: facebook.com/pepinianacoop,"Carr. 111 Km 17.9, Bo. Guatemala, San Sebastián, PR 00685",SAN SEBASTIÁN,,"Más de 75 años brindando servicios financieros a San Sebastián con atención personalizada y confidencial, manteniendo solidez financiera y servicios al menor costo posible.",1948,
Ahorro y Crédito,Rincón,jd@cooprincon.com,787-823-1515,www.cooprincon.com,Instagram: @cooprincon; Facebook: facebook.com/cooprincon,"5 Calle Cambija, Rincón, PR 00677",RINCÓN,,"Con alrededor de $600 millones en activos y sobre 31,000 socios, es la institución cooperativa financiera más grande de Puerto Rico. A la vanguardia tecnológica, con Share Branch, programa de becas y sucursales en Rincón, Mayagüez Mall y Aguada.",1955,
Ahorro y Crédito,Roosevelt Roads,info@cooprr.com,787-863-3045,www.cooprr.com,Facebook: facebook.com/cooprr,"Carr. Estatal Núm. 3, Km 44.1, Fajardo, PR 00738",FAJARDO,,"Sirve a la región este con productos personales y comerciales: cuentas, préstamos, tarjetas, financiamiento de placas solares y banca digital. Sucursales en Fajardo, Ceiba, Luquillo, Vieques, Canóvanas y Río Grande.",1951,
Ahorro y Crédito,Salinas (SALICOOP),info@salicoop.net,787-824-2290,www.salicoop.net,Facebook: facebook.com/cooperativa.salicoop,"74 Calle Baldorioty de Castro, Salinas, PR 00751",SALINAS,,Por más de 50 años con un plan de trabajo dinámico para proveer servicio de excelencia ajustado a las necesidades de sus socios de Salinas. Cooperativa CDFI con banca móvil.,1958,
Ahorro y Crédito,San Blas Illescas (CREDICOOP SAN BLAS),info@coopsanblas.net,787-825-1400,www.coopsanblas.net,Facebook: facebook.com/credicoopsanblas,"60 Calle José I. Quintón, Coamo, PR 00769",COAMO,,"Organizada en 1951 por iniciativa de Don José Felipe Zayas y Don Ramón Rivera Bermúdez con 34 personas. Ofrece acciones, ahorros, certificados, préstamos, hipotecas, MasterCard y banca en línea, con sucursal en Santa Isabel.",1951,
Ahorro y Crédito,San José,coopsanj@coopsanjose.com,787-263-5000,https://coopsanjose.com/,Instagram: @cooperativasanjosepr,"Calle Degetau #106 Sur, Aibonito, PR 00705",AIBONITO,,"Alternativas financieras para individuos y comerciantes con oficinas en Aibonito, Asomante, Cayey y Cidra; AutoCoop, ATM, TeleCoop y red de sucursales compartidas.",1954,
Ahorro y Crédito,San Miguel,mailto:info@lacomeriena.coop,787-869-2180,www.sanmiguelcoop.com,Facebook: facebook.com/sanmiguelcooperativa,"77 Calle Georgetti, Naranjito, PR 00719",NARANJITO,,"Incorporada el 12 de mayo de 1960 por iniciativa de la Parroquia San Miguel Arcángel. Más de seis décadas sirviendo a Naranjito con préstamos a bajo interés, ATH, ATH Móvil, líneas de crédito y banca en línea; sucursal en Cedro Arriba.",1960,
Ahorro y Crédito,San Rafael,administracion@sanrafael.coop,787-895-2050,www.sanrafael.coop,Facebook: facebook.com/sanrafaelcoop,"Calle Rafael Rodríguez Cañals #1, Urb. Ávila, Quebradillas, PR 00678",QUEBRADILLAS,,"Establecida en 1956, celebra 70 años forjando una base sólida en la actividad económica y social de Quebradillas. Ofrece acciones, ahorros, préstamos, MasterCard y banca digital 24/7.",1956,
Ahorro y Crédito,Santa Isabel (CACSI),info@cacsi.coop,787-845-0005,www.cacsi.coop,,"Felicia II, Carr. 153 Esq. Expreso 52, Santa Isabel, PR 00757",SANTA ISABEL,,Fundada en 1954 con una visión solidaria para fomentar el ahorro y el bienestar de las familias de Santa Isabel. Provee servicios financieros que contribuyen a elevar la calidad de vida de socios y clientes.,1954,
Ahorro y Crédito,Saulo D. Rodríguez (GURACOOP),mailto:cclp@cooplaspiedras.com,787-737-3501,www.guracoop.com,Facebook: facebook.com/guracoop; Instagram: @guracoop,"Calle San José #54, Gurabo, PR 00778",GURABO,,"Cooperativa de Gurabo con servicios dirigidos a resolver las necesidades financieras de sus socios con bajos intereses y pagos cómodos, incluyendo préstamos hipotecarios y banca en línea.",1961,
Ahorro y Crédito,Tu Coop,info@tucooppr.com,787-288-2667,www.tucooppr.com,Facebook: facebook.com/TuCoopPR,"209 Ave. Roberto H. Todd, San Juan, PR 00907",SAN JUAN,,"Cooperativa comprometida con servicios financieros de la más alta calidad y excelencia: cuentas personales y comerciales, ahorros especiales y préstamos personales, con banca móvil.",2015,
Ahorro y Crédito,Vega Alta (VEGACOOP),mailto:info@coophermanos.com,787-883-4360,www.vegacoop.com,,"61 Calle Eduardo Georgetti, Vega Alta, PR 00692",VEGA ALTA,,"Fundada el 18 de diciembre de 1953; sirve a cerca de 37,000 socios y 35,000 no-socios bajo el lema ""De tu Lado Siempre"". Sede central en Vega Alta y sucursales en Santa Rita, Bayamón, Toa Alta, Toa Baja, Dorado y Ave. Kennedy (San Juan). Depósitos asegurados por COSSEC.",1953,
Ahorro y Crédito,Vegabajeña,info@vbcoop.com,787-855-3442,www.vbcoop.com,Facebook: facebook.com/vbcoop,"Calle Baldorioty de Castro Final, Vega Baja, PR 00694",VEGA BAJA,,"Fundada el 16 de enero de 1953 por iniciativa de Roberto Ramos Barreto. Una de las instituciones de mayor participación y credibilidad en Vega Baja, ofrece préstamos, cuentas comerciales, tarjetas y ATH, donde predomina el servicio sobre el lucro.",1953,
Ahorro y Crédito,Agustín Burgos VILLA COOP,info@villa-coop.com,787-847-5640,www.villa.coop,,"Carr. 149 Km 58.1, Poblado Tierra Santa, Villalba, PR 00766",VILLALBA,,"Establecida en 1947 en Villalba; cooperativa CDFI que ofrece acciones, ahorros y préstamos a su comunidad, en la llamada ""Ciudad del Cooperativismo"".",1947,
Ahorro y Crédito,Yabucoeña (YABUCOOP),yabucoop@prtc.net,787-893-2820,www.yabucoop.com,Facebook: facebook.com/yabucoop,"Calle Ramón Quiñones #1, Urb. Villa Recreo, Yabucoa, PR 00767",YABUCOA,,"Empresa autónoma autogestionaria que mediante la actividad financiera y la educación participa en el desarrollo humano integral de la familia puertorriqueña. Cuentas (incluyendo Yabukito y Yabukita para niños), préstamos especiales para agricultores, MasterCard y banca en línea; sucursal en Carolina.",1955,
Ahorro y Crédito,Yauco (YAUCOOP),servicioalcliente@yaucoop.net. administracion@yaucoop.net. junta@yaucoop.net,787-856-1820,www.yaucoop.net,Facebook: facebook.com/YAUCOOP,"Carr. 128 Int. Carr. 368, Yauco, PR 00698",YAUCO,,"Comprometida con brindar servicios y productos financieros de la más alta calidad, con profesionalismo, trato personalizado y prontitud. Sucursales en Yauco, San Germán y Lajas con banca móvil.",1958,
Ahorro y Crédito,Coop Centro Gubernamental Minillas (GUBECOOP),info@gubecoop.com,787-727-7915,www.gubecoop.com,,"Centro Gubernamental Roberto Sánchez Vilella (Minillas), Pda. 22, Ave. De Diego, Santurce, San Juan, PR 00909",SAN JUAN,,"Creada el 11 de julio de 1974 por empleados de la Junta de Planificación y DACO. Bajo el lema ""Nuestro Centro eres tú"" ofrece depósito directo, ATH, préstamos personales, hipotecarios, de energía renovable y banca en línea.",1974,
Ahorro y Crédito,Electro-Coop (ELECTRO-COOP) UTICE,electrocoop@gmail.com,787-725-3333,www.electrocoop.net,Facebook: facebook.com/electrocooperativa,"Ave. Condado, Cond. San Alberto 605, Suite 307, San Juan, PR 00907",SAN JUAN,,"Con más de 30 años de experiencia, se fundamenta en los valores de colaboración y responsabilidad del movimiento cooperativista. Ofrece préstamos personales, de auto e hipotecarios y tarjeta Mastercard.",1968,
Ahorro y Crédito,La Puertorriqueña,junta@lapuertorriquena.com,787-765-1676,www.lapuertorriquena.com,Facebook: facebook.com/CooperativaLaPuertorriquena,"Centro Comercial Paradise Mall, Ave. Piñero Final Esq. Expreso Martínez Nadal, Río Piedras, San Juan, PR 00921",SAN JUAN,,"Con más de 97 años sirviendo al pueblo, ofrece hipotecas, préstamos, acciones, certificados, EduClub y cuentas de temporada. Sucursales en la Ave. Piñero, Carolina, Cupey, Trujillo Alto y Mayagüez.",1932,
Ahorro y Crédito,Juana Díaz,info@coopjuanadiaz.com,787-837-2575,www.coopjuanadiaz.com,Facebook: facebook.com/CooperativaDeJuanaDiaz; Instagram: @coopjuanadiaz,"Calle Comercio 113 Esq. Hostos, Juana Díaz, PR 00795",JUANA DÍAZ,,"""La Cooperativa del Sur"", una de las de mayor crecimiento en la región con más de 48 años; sirve desde sus sucursales de Juana Díaz y Coto Laurel con cuentas de ahorro, préstamos de auto, personales y comerciales, y la cuenta Coopito para niños.",1968,
Ahorro y Crédito,ORIENTAL,mamaro@cooporiental.com,787-850-0800,www.cooporiental.com,Facebook: facebook.com/CooperativadeAhorroyCreditoOriental,"Carr. 3, Calle Marginal, Urb. Buso, Bo. Río Abajo, Humacao, PR 00791",HUMACAO,,"Institución financiera cooperativista de gran crecimiento con servicios personales y comerciales: cuentas, préstamos, tarjetas e hipotecas con tecnología avanzada (Homebanking, FotoCoop, ATH Móvil). Sucursales en Humacao, Caguas, Ponce, Loíza, 65 Infantería y Hato Rey.",1955,
Ahorro y Crédito,La Sagrada Familia,info@sagradacoop.com,787-859-2650,www.sagradacoop.com,Facebook: facebook.com/CoopSagradaFamilia,"Calle Bou 37, Corozal, PR 00783",COROZAL,,"Cooperativa CDFI con oficina central en Corozal, dedicada a mejorar la calidad de vida de sus socios mediante el ahorro, financiamiento competitivo y la filosofía del movimiento cooperativo. Sucursales en Naranjito, San Juan, Bayamón y Guaynabo.",1955,
Ahorro y Crédito,Aguas Buenas (BUENACOOP),info@buenacoop.com,787-732-4036,www.buenacoop.com,Facebook: facebook.com/buenacoop,"Carr. 156 Km 50.5, Bo. Sumidero, Aguas Buenas, PR 00703",AGUAS BUENAS,,"Asociación autónoma sin fines de lucro basada en la ayuda mutua y la solidaridad. En 2024 inauguró su nueva sede sostenible de $5.5 millones con placas solares, estaciones de carga eléctrica y cisterna; sucursal también en Caguas.",1962,
Ahorro y Crédito,Coop A/C Adjuntas,coopgigante@gmail.com,787-829-3290,www.adjuntascoop.net,Facebook: facebook.com/AdjuntasCoop,"Calle Primo Delgado #8, Adjuntas, PR 00601",ADJUNTAS,,"Constituida el 25 de julio de 1954 tras la gestión del Padre Arturo y un grupo de 33 fundadores. Entre las cooperativas más influyentes del centro de la isla, con ATH Móvil, Shared Branch, app móvil y la sucursal Sur Coop en Ponce.",1954,
Movimiento Cooperativo,Liga de Cooperativas de PR,info@liga.coop,787-764-2727,,,"761 Ave. Muñoz Rivera, Río Piedras PR 00925",San Juan,,,1948-07-16,
Movimiento Cooperativo,Cooperativa de Seguros de Vida (COSVI),,787-751-5656,,,Ave. Américo Miranda #400 Esquife. Expresso Las Américas San Juan,San Juan,,,1959-11-27,
Movimiento Cooperativo,Cooperativa de Seguros Múltiples,,787-758-2695,,,"38 Calle Nevárez, San Juan, PR 00927-4608",San Juan,,,,
Movimiento Cooperativo,Banco Cooperativo de Puerto Rico,,,,,,,,,,